Africa
	"Algeria", "Africa/Algiers"
	"Angola", "Africa/Bangui"
	"Benin", "Africa/Bangui"
	"Botswana", "Africa/Blantyre"
	"Burkina Faso", "Africa/Abidjan"
	"Burundi", "Africa/Blantyre"
	"Cameroon", "Africa/Bangui"
	"Cape Verde", "Atlantic/Cape_Verde"
	"Central African Republic", "Africa/Bangui"
	"Ceuta", "Africa/Ceuta"
	"Chad", "Africa/Ndjamena"
	"Comoros", "Africa/Addis_Ababa"
	"Democractic Republic of Congo-Kinshasa", "Africa/Bangui"
	"Democractic Republic of Congo-Lubumbashi", "Africa/Blantyre"
	"Djibouti", "Africa/Addis_Ababa"
	"Egypt", "Egypt"
	"Equitorial Guinea", "Africa/Bangui"
	"Eritrea", "Africa/Addis_Ababa"
	"Ethiopia", "Africa/Addis_Ababa"
	"Gabon", "Africa/Bangui"
	"Gambia", "Africa/Abidjan"
	"Ghana", "Africa/Accra"
	"Guinea", "Africa/Abidjan"
	"Guinea-Bissau", "Africa/Bissau"
	"Ivory Coast", "Africa/Abidjan"
	"Kenya", "Africa/Addis_Ababa"
	"Lesotho", "Africa/Johannesburg"
	"Liberia", "Africa/Monrovia"
	"Libya", "Libya"
	"Madagascar", "Africa/Addis_Ababa"
	"Malawi", "Africa/Blantyre"
	"Mali", "Africa/Abidjan"
	"Mauritiana", "Africa/Abidjan"
	"Mauritius", "Indian/Mauritius"
	"Mayotte", "Africa/Addis_Ababa"
	"Morocco", "Africa/Casablanca"
	"Mozambique", "Africa/Blantyre"
	"Namibia", "Africa/Windhoek"
	"Niger", "Africa/Bangui"
	"Nigeria", "Africa/Bangui"
	"Republic of Congo", "Africa/Bangui"
	"Rwanda", "Africa/Blantyre"
	"Reunion", "Indian/Reunion"
	"St Helena", "Africa/Abidjan"
	"Senegal", "Africa/Abidjan"
	"Seychelles", "Indian/Mahe"
	"Sierra Leone", "Africa/Abidjan"
	"Somalia", "Africa/Addis_Ababa"
	"South africa", "Africa/Johannesburg"
	"South Sudan", "Africa/Juba"
	"Sudan", "Africa/Juba"
	"Swaziland", "Africa/Johannesburg"
	"Sao Tome and Principe", "Africa/Abidjan"
	"Tanzania", "Africa/Addis_Ababa"
	"Togo", "Africa/Abidjan"
	"Tunisia", "Africa/Tunis"
	"Uganda", "Africa/Addis_Ababa"
	"Western Sahara", "Africa/El_Aaiun"
	"Zambia", "Africa/Blantyre"
	"Zimbabwe", "Africa/Blantyre"
	"Zulu", "UTC"
Asia
	"Afghanistan", "Asia/Kabul"
	"Armenia", "Asia/Yerevan"
	"Azerbaijan", "Asia/Baku"
	"Bahrain", "Asia/Bahrain"
	"Bangladesh", "Asia/Dacca"
	"Bhutan", "Asia/Thimbu"
	"Brunei", "Asia/Brunei"
	"Cambodia", "Asia/Bangkok"
	"China-Shanghai", "PRC"
	"China-Kashgar", "Asia/Kashgar"
	"Macao", "Asia/Macao"
	"Cyprus-Nicosia", "Asia/Nicosia"
	"Cyprus-Famagusta", "Asia/Famagusta"
	"Georgia", "Asia/Tbilisi"
	"Hong Kong", "Hongkong"
	"India", "Asia/Calcutta"
	"Indonesia-Jakarta", "Asia/Jakarta"
	"Indonesia-Pontianak", "Asia/Pontianak"
	"Indonesia-Makassar", "Asia/Makassar"
	"Indonesia-Jayapura", "Asia/Jayapura"
	"Iran", "Iran"
	"Iraq", "Asia/Baghdad"
	"Israel", "Israel"
	"Japan", "Japan"
	"Jordan", "Asia/Amman"
	"Kazakhstan-Almaty", "Asia/Almaty"
	"Kazakhstan-Qyzylorda", "Asia/Qyzylorda"
	"Kazakhstan-Aqtobe", "Asia/Aqtobe"
	"Kazakhstan-Aqtau", "Asia/Aqtau"
	"Kazakhstan-Oral", "Asia/Oral"
	"Kazakhstan-Atyrau", "Asia/Atyrau"
	"Kuwait", "Asia/Aden"
	"Kyrgyzstan", "Asia/Bishkek"
	"Laos", "Asia/Bangkok"
	"Lebanon", "Asia/Beirut"
	"Malaysia-Kuala_Lumpur", "Asia/Kuala_Lumpur"
	"Malaysia-Kuching", "Asia/Kuching"
	"Maldives", "Indian/Maldives"
	"Mongolia-Ulaanbaatar", "Asia/Ulaanbaatar"
	"Mongolia-Hovd", "Asia/Hovd"
	"Mongolia-Choibalsan", "Asia/Choibalsan"
	"Myanmar", "Asia/Rangoon"
	"Nepal", "Asia/Kathmandu"
	"North Korea", "Asia/Pyongyang"
	"Oman", "Asia/Dubai"
	"Pakistan", "Asia/Karachi"
	"Palestine-Gaza", "Asia/Gaza"
	"Palestine-Hebron", "Asia/Hebron"
	"Philippines", "Asia/Manila"
	"Qatar", "Asia/Bahrain"
	"Russia-Yekaterinburg", "Asia/Yekaterinburg"
	"Russia-Yakutsk", "Asia/Yakutsk"
	"Russia-Ust-Nera", "Asia/Ust-Nera"
	"Russia-Omsk", "Asia/Omsk"
	"Russia-Tomsk", "Asia/Tomsk"
	"Russia-Novosibirsk", "Asia/Novosibirsk"
	"Russia-Novokuznetsk", "Asia/Novokuznetsk"
	"Russia-Krasnoyarsk", "Asia/Krasnoyarsk"
	"Russia-Irkutsk", "Asia/Irkutsk"
	"Russia-Chita", "Asia/Chita"
	"Russia-Vladivostok", "Asia/Vladivostok"
	"Russia-Magadan", "Asia/Magadan"
	"Russia-Srednekolymsk", "Asia/Srednekolymsk"
	"Russia-Anadyr", "Asia/Anadyr"
	"Russia-Sakhalin", "Asia/Sakhalin"
	"Russia-Khandyga", "Asia/Khandyga"
	"Russia-Kamchatka", "Asia/Kamchatka"
	"Russia-Barnaul", "Asia/Barnaul"
	"Saudi Arabia", "Asia/Aden"
	"Singapore", "Singapore"
	"South Korea", "ROK"
	"Sri Lanka", "Asia/Colombo"
	"Syria", "Asia/Damascus"
	"Taiwan", "ROC"
	"Tajikistan", "Asia/Dushanbe"
	"Thailand", "Asia/Bangkok"
	"Timor-Leste", "Asia/Dili"
	"Turkey", "Turkey"
	"Turkmenistan", "Asia/Ashgabat"
	"United Arab Emirates", "Asia/Dubai"
	"Uzbekistan-Samarkand", "Asia/Samarkand"
	"Uzbekistan-Tashkent", "Asia/Tashkent"
	"Vietnam", "Asia/Ho_Chi_Minh"
	"Yemen", "Asia/Aden"
	"Kerguelen Islands", "Indian/Kerguelen"
	"Cocos", "Indian/Cocos"
	"Chagos Archipelago", "Indian/Chagos"
	"Christmas Island", "Indian/Christmas"
Europe
	"Albania", "Europe/Tirane"
	"Andorra", "Europe/Andorra"
	"Austria", "Europe/Vienna"
	"Belarus", "Europe/Minsk"
	"Belgium", "Europe/Brussels"
	"Bosnia and Herzegovina", "Europe/Belgrade"
	"Bulgaria", "Europe/Sofia"
	"Croatia", "Europe/Belgrade"
	"Czech Republic", "Europe/Bratislava"
	"Denmark-Copenhagen", "Europe/Copenhagen"
	"Denmark-Faeroe", "Atlantic/Faeroe"
	"Estonia", "Europe/Tallinn"
	"Finland", "Europe/Helsinki"
	"France", "Europe/Paris"
	"Germany-Berlin", "Europe/Berlin"
	"Germany-Busingen", "Europe/Busingen"
	"Gibraltar", "Europe/Gibraltar"
	"Greece", "Europe/Athens"
	"Hungary", "Europe/Budapest"
	"Iceland", "Iceland"
	"Ireland", "Eire"
	"Italy", "Europe/Rome"
	"Latvia", "Europe/Riga"
	"Liechtenstein", "Europe/Busingen"
	"Lithuania", "Europe/Vilnius"
	"Luxembourg", "Europe/Luxembourg"
	"Macedonia", "Europe/Belgrade"
	"Malta", "Europe/Malta"
	"Moldova", "Europe/Chisinau"
	"Monaco", "Europe/Monaco"
	"Montenegro", "Europe/Belgrade"
	"Netherlands", "Europe/Amsterdam"
	"Norway", "Arctic/Longyearbyen"
	"Poland", "Poland"
	"Portugal-Lisbon", "Portugal"
	"Portugal-Azores", "Atlantic/Azores"
	"Portugal-Madeira", "Atlantic/Madeira"
	"Romania", "Europe/Bucharest"
	"Russia-Volgograd", "Europe/Volgograd"
	"Russia-Ulyanovsk", "Europe/Ulyanovsk"
	"Russia-Simferopol", "Europe/Simferopol"
	"Russia-Saratov", "Europe/Saratov"
	"Russia-Samara", "Europe/Samara"
	"Russia-Kirov", "Europe/Kirov"
	"Russia-Kaliningrad", "Europe/Kaliningrad"
	"Russia-Astrakhan", "Europe/Astrakhan"
	"Russia-Moscow", "W-SU"
	"San Marino", "Europe/Rome"
	"Serbia", "Europe/Belgrade"
	"Slovakia", "Europe/Bratislava"
	"Slovenia", "Europe/Belgrade"
	"Spain-Madrid", "Europe/Madrid"
	"Spain-Canary", "Atlantic/Canary"
	"Sweden", "Europe/Stockholm"
	"Switzerland", "Europe/Busingen"
	"Ukraine-Kiev", "Europe/Kiev"
	"Ukraine-Uzhgorod", "Europe/Uzhgorod"
	"Ukraine-Zaporozhye", "Europe/Zaporozhye"
	"United Kingdom", "GB"
	"Bailiwicks of Jersey", "GB"
	"Isle of Man", "GB"
	"Guernsey", "GB"
	"Vatican", "Europe/Rome"
South America
	"Argentina-Mendoza", "America/Mendoza"
	"Argentina-Cordoba", "America/Cordoba"
	"Argentina-Buenos_Aires", "America/Buenos_Aires"
	"Argentina-Ushuaia", "America/Argentina/Ushuaia"
	"Argentina-Tucuman", "America/Argentina/Tucuman"
	"Argentina-San_Luis", "America/Argentina/San_Luis"
	"Argentina-San_Juan", "America/Argentina/San_Juan"
	"Argentina-Salta", "America/Argentina/Salta"
	"Argentina-Rio_Gallegos", "America/Argentina/Rio_Gallegos"
	"Argentina-La_Rioja", "America/Argentina/La_Rioja"
	"Argentina-Jujuy", "America/Jujuy"
	"Argentina-Catamarca", "America/Catamarca"
	"Bolivia", "America/La_Paz"
	"Brazil Acre", "America/Porto_Acre"
	"Brazil-Porto_Velho", "America/Porto_Velho"
	"Brazil West-Manaus", "America/Manaus"
	"Brazil-Maceio", "America/Maceio"
	"Brazil-Fortaleza", "America/Fortaleza"
	"Brazil-Eirunepe", "America/Eirunepe"
	"Brazil-Belem", "America/Belem"
	"Brazil-Recife", "America/Recife"
	"Brazil-Cuiaba", "America/Cuiaba"
	"Brazil-Campo_Grande", "America/Campo_Grande"
	"Brazil-Boa_Vista", "America/Boa_Vista"
	"Brazil East-Sao_Paulo", "America/Sao_Paulo"
	"Brazil DeNoronha", "America/Noronha"
	"Brazil-Santarem", "America/Santarem"
	"Brazil-Bahia", "America/Bahia"
	"Brazil-Araguaina", "America/Araguaina"
	"Chile-Santiago", "America/Santiago"
	"Chile-Punta_Arenas", "America/Punta_Arenas"
	"Chile-EasterIsland", "Chile/EasterIsland"
	"Colombia", "America/Bogota"
	"Ecuador-Guayaquil", "America/Guayaquil"
	"Ecuador-Galapagos", "Pacific/Galapagos"
	"Falkland Islands", "Atlantic/Stanley"
	"French Guiana", "America/Cayenne"
	"Guyana", "America/Guyana"
	"Paraguay", "America/Asuncion"
	"Peru", "America/Lima"
	"South Georgia & the South Sandwich Islands", "Atlantic/South_Georgia"
	"Suriname", "America/Paramaribo"
	"Uruguay", "America/Montevideo"
	"Venezuela", "America/Caracas"
Oceania
	"Australia West-Perth", "Australia/Perth"
	"Australia-Eucla", "Australia/Eucla"
	"Australia South-Adelaide", "Australia/Adelaide"
	"Australia North-Darwin", "Australia/Darwin"
	"Australia-Melbourne", "Australia/Melbourne"
	"Australia-Sydney", "Australia/ACT"
	"Australia-Brisbane", "Australia/Brisbane"
	"Australia-Lord_Howe", "Australia/LHI"
	"Australia-Broken_Hill", "Australia/Broken_Hill"
	"Australia-Hobart", "Australia/Hobart"
	"Australia-Lindeman", "Australia/Lindeman"
	"Australia-Currie", "Australia/Currie"
	"Fiji", "Pacific/Fiji"
	"Kiribati-Tarawa", "Pacific/Tarawa"
	"Kiribati-Enderbury", "Pacific/Enderbury"
	"Kiribati-Kiritimati", "Pacific/Kiritimati"
	"Marshall Islands-Majuro", "Pacific/Majuro"
	"Marshall Islands-Kwajalein", "Kwajalein"
	"Micronesia-Chuuk", "Pacific/Chuuk"
	"Micronesia-Pohnpei", "Pacific/Pohnpei"
	"Micronesia-Kosrae", "Pacific/Kosrae"
	"Nauru", "Pacific/Nauru"
	"New Zealand-Auckland", "NZ"
	"New Zealand-Chatham", "NZ-CHAT"
	"Palau", "Pacific/Palau"
	"Papua New Guinea-Port_Moresby", "Pacific/Port_Moresby"
	"Papua New Guinea-Bougainville", "Pacific/Bougainville"
	"Samoa", "Pacific/Apia"
	"American Samoa", "Pacific/Midway"
	"Solomon Islands", "Pacific/Guadalcanal"
	"Tonga", "Pacific/Tongatapu"
	"Tuvalu", "Pacific/Funafuti"
	"Vanuatu", "Pacific/Efate"
	"French Polynesia-Tahiti", "Pacific/Tahiti"
	"Cook Islands", "Pacific/Rarotonga"
	"French Polynesia-Gambier", "Pacific/Gambier"
	"French Polynesia-Marquesas", "Pacific/Marquesas"
	"Guam", "Pacific/Guam"
	"New Caledonia", "Pacific/Noumea"
	"Niue", "Pacific/Niue"
	"Norfolk Island", "Pacific/Norfolk"
	"Pitcairn", "Pacific/Pitcairn"
	"Northern Mariana Islands", "Pacific/Guam"
	"Tokelau", "Pacific/Fakaofo"
	"Wake Island", "Pacific/Wake"
	"Wallis & Futuna", "Pacific/Wallis"
Antarctica
	"Casey" , "Antarctica/Casey"
	"Davis" , "Antarctica/Davis"
	"DumontDUrville" , "Antarctica/DumontDUrville"
	"Macquarie" , "Antarctica/Macquarie"
	"Mawson" , "Antarctica/Mawson"
	"Palmer" , "Antarctica/Palmer"
	"Rothera" , "Antarctica/Rothera"
	"Syowa" , "Antarctica/Syowa"
	"Troll" , "Antarctica/Troll"
	"Vostok" , "Antarctica/Vostok"
North America
	"Anguilla", "America/Anguilla"
	"Antigua & Barbuda", "America/Anguilla"
	"Aruba", "America/Aruba"
	"Bahamas", "America/Nassau"
	"Barbados", "America/Barbados"
	"Belize", "America/Belize"
	"Bermuda", "Atlantic/Bermuda"
	"British Virgin Islands", "America/Anguilla"
	"Canada-Yellowknife", "America/Yellowknife"
	"Canada Central-Winnipeg", "America/Winnipeg"
	"Canada Yukon-Whitehorse", "America/Whitehorse"
	"Canada Pacific-Vancouver", "America/Vancouver"
	"Canada Eastern-Toronto", "America/Montreal"
	"Canada-Thunder_Bay", "America/Thunder_Bay"
	"Canada-Swift_Current", "America/Swift_Current"
	"Canada Newfoundland-St_Johns", "America/St_Johns"
	"Canada-Resolute", "America/Resolute"
	"Canada Saskatchewan-Regina", "America/Regina"
	"Canada-Rankin_Inlet", "America/Rankin_Inlet"
	"Canada-Rainy_River", "America/Rainy_River"
	"Canada-Pangnirtung", "America/Pangnirtung"
	"Canada-Nipigon", "America/Nipigon"
	"Canada-Moncton", "America/Moncton"
	"Canada-Iqaluit", "America/Iqaluit"
	"Canada-Inuvik", "America/Inuvik"
	"Canada Atlantic-Halifax", "America/Halifax"
	"Canada-Goose_Bay", "America/Goose_Bay"
	"Canada-Glace_Bay", "America/Glace_Bay"
	"Canada-Fort_Nelson", "America/Fort_Nelson"
	"Canada Mountain-Edmonton", "America/Edmonton"
	"Canada-Dawson_Creek", "America/Dawson_Creek"
	"Canada-Dawson", "America/Dawson"
	"Canada-Creston", "America/Creston"
	"Canada-Cambridge_Bay", "America/Cambridge_Bay"
	"Canada-Blanc-Sablon", "America/Blanc-Sablon"
	"Canada-Atikokan", "America/Atikokan"
	"Caribbean Netherlands", "America/Aruba"
	"Cayman Islands", "America/Cayman"
	"Costa Rica", "America/Costa_Rica"
	"Cuba" , "Cuba"
	"Curacao" , "America/Aruba"
	"Dominica" , "America/Anguilla"
	"Dominican Republic", "America/Santo_Domingo"
	"El Salvador", "America/El_Salvador"
	"Greenland-Godthab", "America/Godthab"
	"Greenland-Danmarkshavn", "America/Danmarkshavn"
	"Greenland-Scoresbysund", "America/Scoresbysund"
	"Greenland-Thule", "America/Thule"
	"Grenada", "America/Anguilla"
	"Guadeloupe" , "America/Anguilla"
	"Guatemala" , "America/Guatemala"
	"Haiti" , "America/Port-au-Prince"
	"Honduras" , "America/Tegucigalpa"
	"Jamaica" , "Jamaica"
	"Martinique" , "America/Martinique"
	"Mexico-Mexico_City", "America/Mexico_City"
	"Mexico-Ensenada", "America/Ensenada"
	"Mexico-Ojinaga", "America/Ojinaga"
	"Mexico-Monterrey", "America/Monterrey"
	"Mexico-Merida", "America/Merida"
	"Mexico-Mazatlan", "America/Mazatlan"
	"Mexico-Matamoros", "America/Matamoros"
	"Mexico-Hermosillo", "America/Hermosillo"
	"Mexico-Chihuahua", "America/Chihuahua"
	"Mexico-Cancun", "America/Cancun"
	"Mexico-Bahia_Banderas", "America/Bahia_Banderas"
	"Montserrat" , "America/Anguilla"
	"Nicaragua" , "America/Managua"
	"Panama" , "America/Cayman"
	"Puerto Rico", "America/Puerto_Rico"
	"St Barthelemy", "America/Anguilla"
	"Saint Kitts and Nevis", "America/Anguilla"
	"St Lucia", "America/Anguilla"
	"St Martin", "America/Anguilla"
	"St Pierre and Miquelon", "America/Miquelon"
	"St Vincent", "America/Anguilla"
	"Sint Maarten", "America/Aruba"
	"Trinidad & Tobago", "America/Anguilla"
	"Turks & Caicos Islands", "America/Grand_Turk"
	"USA Samoa-Midway", "Pacific/Midway"
	"USA Pacific-LA", "America/Los_Angeles"
	"USA Mountain-Navajo", "Navajo"
	"USA Michigan-Detroit", "America/Detroit"
	"USA Indiana-Starke-Knox_IN", "America/Knox_IN"
	"USA Hawaii-Honolulu", "Pacific/Honolulu"
	"USA East-Indiana-Fort_Wayne", "America/Fort_Wayne"
	"USA Central-Chicago", "America/Chicago"
	"USA Arizona-Phoenix", "America/Phoenix"
	"USA Aleutian-Adak", "America/Adak"
	"USA Alaska-Anchorage", "America/Anchorage"
	"USA-New_York", "posixrules"
	"USA-Louisville", "America/Louisville"
	"USA-Monticello", "America/Kentucky/Monticello"
	"USA-Vincennes", "America/Indiana/Vincennes"
	"USA-Winamac", "America/Indiana/Winamac"
	"USA-Marengo", "America/Indiana/Marengo"
	"USA-Petersburg", "America/Indiana/Petersburg"
	"USA-Vevay", "America/Indiana/Vevay"
	"USA-Tell_City", "America/Indiana/Tell_City"
	"USA-Menominee", "America/Menominee"
	"USA North Dakota-Center", "America/North_Dakota/Center"
	"USA North Dakota-New_Salem", "America/North_Dakota/New_Salem"
	"USA North Dakota-Beulah", "America/North_Dakota/Beulah"
	"USA-Denver", "Navajo"
	"USA-Boise", "America/Boise"
	"USA-Juneau", "America/Juneau"
	"USA-Sitka", "America/Sitka"
	"USA-Metlakatla", "America/Metlakatla"
	"USA-Yakutat", "America/Yakutat"
	"USA-Nome", "America/Nome"
	"US Virgin Islands", "America/Anguilla"
	"Bonaire", "America/Aruba"
UTC
	"UTC", "UTC"