Africa
	"Africa/Algiers", "Algeria"
	"Africa/Luanda", "Angola"
	"Africa/Porto-Novo", "Benin"
	"Africa/Gaborone", "Botswana"
	"Africa/Ouagadougou", "Burkina Faso"
	"Africa/Bujumbura", "Burundi"
	"Africa/Douala", "Cameroon"
	"Atlantic/Cape_Verde", "Cape Verde"
	"Africa/Bangui", "Central African Republic"
	"Africa/Ceuta", "Ceuta"
	"Africa/Ndjamena", "Chad"
	"Indian/Comoro", "Comoros"
	"Africa/Kinshasa", "Democractic Republic of Congo-Kinshasa"
	"Africa/Lubumbashi", "Democractic Republic of Congo-Lubumbashi"
	"Africa/Djibouti", "Djibouti"
	"Africa/Cairo", "Egypt"
	"Africa/Malabo", "Equitorial Guinea"
	"Africa/Asmera", "Eritrea"
	"Africa/Addis_Ababa", "Ethiopia"
	"Africa/Libreville", "Gabon"
	"Africa/Banjul", "Gambia"
	"Africa/Accra", "Ghana"
	"Africa/Conakry", "Guinea"
	"Africa/Bissau", "Guinea-Bissau"
	"Africa/Abidjan", "Ivory Coast"
	"Africa/Nairobi", "Kenya"
	"Africa/Maseru", "Lesotho"
	"Africa/Monrovia", "Liberia"
	"Africa/Tripoli", "Libya"
	"Indian/Antananarivo", "Madagascar"
	"Africa/Blantyre", "Malawi"
	"Africa/Bamako", "Mali"
	"Africa/Nouakchott", "Mauritiana"
	"Indian/Mauritius", "Mauritius"
	"Indian/Mayotte", "Mayotte"
	"Africa/Casablanca", "Morocco"
	"Africa/Maputo", "Mozambique"
	"Africa/Windhoek", "Namibia"
	"Africa/Niamey", "Niger"
	"Africa/Lagos", "Nigeria"
	"Africa/Brazzaville", "Republic of Congo"
	"Africa/Kigali", "Rwanda"
	"Indian/Reunion", "Reunion"
	"Atlantic/St_Helena", "St Helena"
	"Africa/Dakar", "Senegal"
	"Indian/Mahe", "Seychelles"
	"Africa/Freetown", "Sierra Leone"
	"Africa/Mogadishu", "Somalia"
	"Africa/Johannesburg", "South africa"
	"Africa/Juba", "South Sudan"
	"Africa/Khartoum", "Sudan"
	"Africa/Mbabane", "Swaziland"
	"Africa/Sao_Tome", "Sao Tome and Principe"
	"Africa/Dar_es_Salaam", "Tanzania"
	"Africa/Lome", "Togo"
	"Africa/Tunis", "Tunisia"
	"Africa/Kampala", "Uganda"
	"Africa/El_Aaiun", "Western Sahara"
	"Africa/Lusaka", "Zambia"
	"Africa/Harare", "Zimbabwe"
	"Zulu", "Zulu"
Asia
	"Asia/Kabul", "Afghanistan"
	"Asia/Yerevan", "Armenia"
	"Asia/Baku", "Azerbaijan"
	"Asia/Bahrain", "Bahrain"
	"Asia/Dhaka", "Bangladesh"
	"Asia/Thimphu", "Bhutan"
	"Asia/Brunei", "Brunei"
	"Asia/Phnom_Penh", "Cambodia"
	"Asia/Shanghai", "China-Shanghai"
	"Asia/Kashgar", "China-Kashgar"
	"Asia/Macao", "Macao"
	"Asia/Nicosia", "Cyprus-Nicosia"
	"Asia/Famagusta", "Cyprus-Famagusta"
	"Asia/Tbilisi", "Georgia"
	"Hongkong", "Hong Kong"
	"Asia/Kolkata", "India"
	"Asia/Jakarta", "Indonesia-Jakarta"
	"Asia/Pontianak", "Indonesia-Pontianak"
	"Asia/Makassar", "Indonesia-Makassar"
	"Asia/Jayapura", "Indonesia-Jayapura"
	"Asia/Tehran", "Iran"
	"Asia/Baghdad", "Iraq"
	"Asia/Jerusalem", "Israel"
	"Asia/Tokyo", "Japan"
	"Asia/Amman", "Jordan"
	"Asia/Almaty", "Kazakhstan-Almaty"
	"Asia/Qyzylorda", "Kazakhstan-Qyzylorda"
	"Asia/Aqtobe", "Kazakhstan-Aqtobe"
	"Asia/Aqtau", "Kazakhstan-Aqtau"
	"Asia/Oral", "Kazakhstan-Oral"
	"Asia/Atyrau", "Kazakhstan-Atyrau"
	"Asia/Kuwait", "Kuwait"
	"Asia/Bishkek", "Kyrgyzstan"
	"Asia/Vientiane", "Laos"
	"Asia/Beirut", "Lebanon"
	"Asia/Kuala_Lumpur", "Malaysia-Kuala_Lumpur"
	"Asia/Kuching", "Malaysia-Kuching"
	"Indian/Maldives", "Maldives"
	"Asia/Ulaanbaatar", "Mongolia-Ulaanbaatar"
	"Asia/Hovd", "Mongolia-Hovd"
	"Asia/Choibalsan", "Mongolia-Choibalsan"
	"Asia/Rangoon", "Myanmar"
	"Asia/Kathmandu", "Nepal"
	"Asia/Pyongyang", "North Korea"
	"Asia/Muscat", "Oman"
	"Asia/Karachi", "Pakistan"
	"Asia/Gaza", "Palestine-Gaza"
	"Asia/Hebron", "Palestine-Hebron"
	"Asia/Manila", "Philippines"
	"Asia/Qatar", "Qatar"
	"Asia/Yekaterinburg", "Russia-Yekaterinburg"
	"Asia/Yakutsk", "Russia-Yakutsk"
	"Asia/Ust-Nera", "Russia-Ust-Nera"
	"Asia/Omsk", "Russia-Omsk"
	"Asia/Tomsk", "Russia-Tomsk"
	"Asia/Novosibirsk", "Russia-Novosibirsk"
	"Asia/Novokuznetsk", "Russia-Novokuznetsk"
	"Asia/Krasnoyarsk", "Russia-Krasnoyarsk"
	"Asia/Irkutsk", "Russia-Irkutsk"
	"Asia/Chita", "Russia-Chita"
	"Asia/Vladivostok", "Russia-Vladivostok"
	"Asia/Magadan", "Russia-Magadan"
	"Asia/Srednekolymsk", "Russia-Srednekolymsk"
	"Asia/Anadyr", "Russia-Anadyr"
	"Asia/Sakhalin", "Russia-Sakhalin"
	"Asia/Khandyga", "Russia-Khandyga"
	"Asia/Kamchatka", "Russia-Kamchatka"
	"Asia/Barnaul", "Russia-Barnaul"
	"Asia/Riyadh", "Saudi Arabia"
	"Singapore", "Singapore"
	"Asia/Seoul", "South Korea"
	"Asia/Colombo", "Sri Lanka"
	"Asia/Damascus", "Syria"
	"Asia/Taipei", "Taiwan"
	"Asia/Dushanbe", "Tajikistan"
	"Asia/Bangkok", "Thailand"
	"Asia/Dili", "Timor-Leste"
	"Turkey", "Turkey"
	"Asia/Ashgabat", "Turkmenistan"
	"Asia/Dubai", "United Arab Emirates"
	"Asia/Samarkand", "Uzbekistan-Samarkand"
	"Asia/Tashkent", "Uzbekistan-Tashkent"
	"Asia/Ho_Chi_Minh", "Vietnam"
	"Asia/Aden", "Yemen"
	"Indian/Kerguelen", "Kerguelen Islands"
	"Indian/Cocos", "Cocos"
	"Indian/Chagos", "Chagos Archipelago"
	"Indian/Christmas", "Christmas Island"
Europe
	"Europe/Tirane", "Albania"
	"Europe/Andorra", "Andorra"
	"Europe/Vienna", "Austria"
	"Europe/Minsk", "Belarus"
	"Europe/Brussels", "Belgium"
	"Europe/Sarajevo", "Bosnia and Herzegovina"
	"Europe/Sofia", "Bulgaria"
	"Europe/Zagreb", "Croatia"
	"Europe/Prague", "Czech Republic"
	"Europe/Copenhagen", "Denmark-Copenhagen"
	"Atlantic/Faeroe", "Denmark-Faeroe"
	"Europe/Tallinn", "Estonia"
	"Europe/Helsinki", "Finland"
	"Europe/Paris", "France"
	"Europe/Berlin", "Germany-Berlin"
	"Europe/Busingen", "Germany-Busingen"
	"Europe/Gibraltar", "Gibraltar"
	"Europe/Athens", "Greece"
	"Europe/Budapest", "Hungary"
	"Atlantic/Reykjavik", "Iceland"
	"Europe/Dublin", "Ireland"
	"Europe/Rome", "Italy"
	"Europe/Riga", "Latvia"
	"Europe/Vaduz", "Liechtenstein"
	"Europe/Vilnius", "Lithuania"
	"Europe/Luxembourg", "Luxembourg"
	"Europe/Skopje", "Macedonia"
	"Europe/Malta", "Malta"
	"Europe/Chisinau", "Moldova"
	"Europe/Monaco", "Monaco"
	"Europe/Podgorica", "Montenegro"
	"Europe/Amsterdam", "Netherlands"
	"Europe/Oslo", "Norway"
	"Europe/Warsaw", "Poland"
	"Europe/Lisbon", "Portugal-Lisbon"
	"Atlantic/Azores", "Portugal-Azores"
	"Atlantic/Madeira", "Portugal-Madeira"
	"Europe/Bucharest", "Romania"
	"Europe/Volgograd", "Russia-Volgograd"
	"Europe/Ulyanovsk", "Russia-Ulyanovsk"
	"Europe/Simferopol", "Russia-Simferopol"
	"Europe/Saratov", "Russia-Saratov"
	"Europe/Samara", "Russia-Samara"
	"Europe/Kirov", "Russia-Kirov"
	"Europe/Kaliningrad", "Russia-Kaliningrad"
	"Europe/Astrakhan", "Russia-Astrakhan"
	"Europe/Moscow", "Russia-Moscow"
	"Europe/San_Marino", "San Marino"
	"Europe/Belgrade", "Serbia"
	"Europe/Bratislava", "Slovakia"
	"Europe/Ljubljana", "Slovenia"
	"Europe/Madrid", "Spain-Madrid"
	"Atlantic/Canary", "Spain-Canary"
	"Europe/Stockholm", "Sweden"
	"Europe/Zurich", "Switzerland"
	"Europe/Kiev", "Ukraine-Kiev"
	"Europe/Uzhgorod", "Ukraine-Uzhgorod"
	"Europe/Zaporozhye", "Ukraine-Zaporozhye"
	"Europe/London", "United Kingdom"
	"Europe/Jersey", "Bailiwicks of Jersey"
	"Europe/Isle_of_Man", "Isle of Man"
	"Europe/Guernsey", "Guernsey"
	"Europe/Vatican", "Vatican"
South America
	"America/Mendoza", "Argentina-Mendoza"
	"America/Cordoba", "Argentina-Cordoba"
	"America/Buenos_Aires", "Argentina-Buenos_Aires"
	"America/Argentina/Ushuaia", "Argentina-Ushuaia"
	"America/Argentina/Tucuman", "Argentina-Tucuman"
	"America/Argentina/San_Luis", "Argentina-San_Luis"
	"America/Argentina/San_Juan", "Argentina-San_Juan"
	"America/Argentina/Salta", "Argentina-Salta"
	"America/Argentina/Rio_Gallegos", "Argentina-Rio_Gallegos"
	"America/Argentina/La_Rioja", "Argentina-La_Rioja"
	"America/Jujuy", "Argentina-Jujuy"
	"America/Catamarca", "Argentina-Catamarca"
	"America/La_Paz", "Bolivia"
	"Brazil/Acre", "Brazil-Acre"
	"America/Porto_Velho", "Brazil-Porto_Velho"
	"America/Manaus", "Brazil West-Manaus"
	"America/Maceio", "Brazil-Maceio"
	"America/Fortaleza", "Brazil-Fortaleza"
	"America/Eirunepe", "Brazil-Eirunepe"
	"America/Belem", "Brazil-Belem"
	"America/Recife", "Brazil-Recife"
	"America/Cuiaba", "Brazil-Cuiaba"
	"America/Campo_Grande", "Brazil-Campo_Grande"
	"America/Boa_Vista", "Brazil-Boa_Vista"
	"America/Sao_Paulo", "Brazil East-Sao_Paulo"
	"America/Noronha", "Brazil-DeNoronha"
	"America/Santarem", "Brazil-Santarem"
	"America/Bahia", "Brazil-Bahia"
	"America/Araguaina", "Brazil-Araguaina"
	"America/Santiago", "Chile-Santiago"
	"America/Punta_Arenas", "Chile-Punta_Arenas"
	"Chile/EasterIsland", "Chile-EasterIsland"
	"America/Bogota", "Colombia"
	"America/Guayaquil", "Ecuador-Guayaquil"
	"Pacific/Galapagos", "Ecuador-Galapagos"
	"Atlantic/Stanley", "Falkland Islands"
	"America/Cayenne", "French Guiana"
	"America/Guyana", "Guyana"
	"America/Asuncion", "Paraguay"
	"America/Lima", "Peru"
	"Atlantic/South_Georgia", "South Georgia & the South Sandwich Islands"
	"America/Paramaribo", "Suriname"
	"America/Montevideo", "Uruguay"
	"America/Caracas", "Venezuela"
Oceania
	"Australia/Perth", "Australia West-Perth"
	"Australia/Eucla", "Australia-Eucla"
	"Australia/Adelaide", "Australia South-Adelaide"
	"Australia/Darwin", "Australia North-Darwin"
	"Australia/ACT", "Australia-Sydney"
	"Australia/Melbourne", "Australia-Melbourne"
	"Australia/Brisbane", "Australia-Brisbane"
	"Australia/Lord_Howe", "Australia-Lord_Howe"
	"Australia/Broken_Hill", "Australia-Broken_Hill"
	"Australia/Hobart", "Australia-Hobart"
	"Australia/Lindeman", "Australia-Lindeman"
	"Australia/Currie", "Australia-Currie"
	"Pacific/Fiji", "Fiji"
	"Pacific/Tarawa", "Kiribati-Tarawa"
	"Pacific/Enderbury", "Kiribati-Enderbury"
	"Pacific/Kiritimati", "Kiribati-Kiritimati"
	"Pacific/Majuro", "Marshall Islands-Majuro"
	"Kwajalein", "Marshall Islands-Kwajalein"
	"Pacific/Chuuk", "Micronesia-Chuuk"
	"Pacific/Pohnpei", "Micronesia-Pohnpei"
	"Pacific/Kosrae", "Micronesia-Kosrae"
	"Pacific/Nauru", "Nauru"
	"NZ", "New Zealand-Auckland"
	"NZ-CHAT", "New Zealand-Chatham"
	"Pacific/Palau", "Palau"
	"Pacific/Port_Moresby", "Papua New Guinea-Port_Moresby"
	"Pacific/Bougainville", "Papua New Guinea-Bougainville"
	"Pacific/Apia", "Samoa"
	"Pacific/Pago_Pago", "American Samoa"
	"Pacific/Guadalcanal", "Solomon Islands"
	"Pacific/Tongatapu", "Tonga"
	"Pacific/Funafuti", "Tuvalu"
	"Pacific/Efate", "Vanuatu"
	"Pacific/Rarotonga", "Cook Islands"
	"Pacific/Marquesas", "French Polynesia-Marquesas"
	"Pacific/Tahiti", "French Polynesia-Tahiti"
	"Pacific/Gambier", "French Polynesia-Gambier"
	"Pacific/Guam", "Guam"
	"Pacific/Noumea", "New Caledonia"
	"Pacific/Niue", "Niue"
	"Pacific/Norfolk", "Norfolk Island"
	"Pacific/Saipan", "Northern Mariana Islands"
	"Pacific/Pitcairn", "Pitcairn"
	"Pacific/Fakaofo", "Tokelau"
	"Pacific/Wake", "Wake Island"
	"Pacific/Wallis", "Wallis & Futuna"
Antarctica
	"Antarctica/Casey", "Casey"
	"Antarctica/Davis", "Davis"
	"Antarctica/DumontDUrville", "DumontDUrville"
	"Antarctica/Macquarie", "Macquarie"
	"Antarctica/Mawson", "Mawson"
	"Antarctica/Palmer", "Palmer"
	"Antarctica/Rothera", "Rothera"
	"Antarctica/Syowa", "Syowa"
	"Antarctica/Troll", "Troll"
	"Antarctica/Vostok", "Vostok"
North America
	"America/Anguilla", "Anguilla" 
	"America/Antigua", "Antigua & Barbuda"
	"America/Aruba", "Aruba" 
	"America/Nassau", "Bahamas" 
	"America/Barbados", "Barbados" 
	"America/Belize", "Belize" 
	"Atlantic/Bermuda", "Bermuda" 
	"America/Tortola", "British Virgin Islands"
	"America/Yellowknife", "Canada-Yellowknife" 
	"America/Winnipeg", "Canada Central-Winnipeg"
	"America/Whitehorse", "Canada Yukon-Whitehorse"
	"America/Vancouver", "Canada Pacific-Vancouver"
	"America/Toronto", "Canada Eastern-Toronto"
	"America/Thunder_Bay", "Canada-Thunder_Bay" 
	"America/Swift_Current", "Canada-Swift_Current" 
	"America/St_Johns", "Canada Newfoundland-St_Johns"
	"America/Resolute", "Canada-Resolute" 
	"America/Regina", "Canada Saskatchewan-Regina"
	"America/Rankin_Inlet", "Canada-Rankin_Inlet" 
	"America/Rainy_River", "Canada-Rainy_River" 
	"America/Pangnirtung", "Canada-Pangnirtung" 
	"America/Nipigon", "Canada-Nipigon" 
	"America/Moncton", "Canada-Moncton" 
	"America/Iqaluit", "Canada-Iqaluit" 
	"America/Inuvik", "Canada-Inuvik" 
	"America/Halifax", "Canada Atlantic-Halifax"
	"America/Goose_Bay", "Canada-Goose_Bay" 
	"America/Glace_Bay", "Canada-Glace_Bay" 
	"America/Fort_Nelson", "Canada-Fort_Nelson" 
	"America/Edmonton", "Canada Mountain-Edmonton"
	"America/Dawson_Creek", "Canada-Dawson_Creek" 
	"America/Dawson", "Canada-Dawson" 
	"America/Creston", "Canada-Creston" 
	"America/Cambridge_Bay", "Canada-Cambridge_Bay" 
	"America/Blanc-Sablon", "Canada-Blanc-Sablon" 
	"America/Atikokan", "Canada-Atikokan" 
	"Caribbean Netherlands", "Caribbean Netherlands"
	"America/Cayman", "Cayman Islands"
	"America/Costa_Rica", "Costa Rica"
	"Cuba", "Cuba" 
	"America/Curacao", "Curacao" 
	"America/Dominica", "Dominica" 
	"America/Santo_Domingo", "Dominican Republic"
	"America/El_Salvador", "El Salvador"
	"America/Godthab", "Greenland-Godthab" 
	"America/Danmarkshavn", "Greenland-Danmarkshavn" 
	"America/Scoresbysund", "Greenland-Scoresbysund" 
	"America/Thule", "Greenland-Thule" 
	"America/Grenada", "Grenada" 
	"America/Guadeloupe", "Guadeloupe" 
	"America/Guatemala", "Guatemala" 
	"America/Port-au-Prince", "Haiti" 
	"America/Tegucigalpa", "Honduras" 
	"Jamaica", "America/Jamaica"
	"America/Martinique", "Martinique" 
	"America/Mexico_City", "Mexico-Mexico_City" 
	"America/Ensenada", "Mexico-Ensenada" 
	"America/Ojinaga", "Mexico-Ojinaga" 
	"America/Monterrey", "Mexico-Monterrey" 
	"America/Merida", "Mexico-Merida" 
	"America/Mazatlan", "Mexico-Mazatlan" 
	"America/Matamoros", "Mexico-Matamoros" 
	"America/Hermosillo", "Mexico-Hermosillo" 
	"America/Chihuahua", "Mexico-Chihuahua" 
	"America/Cancun", "Mexico-Cancun" 
	"America/Bahia_Banderas", "Mexico-Bahia_Banderas" 
	"America/Montserrat", "Montserrat" 
	"America/Managua", "Nicaragua" 
	"America/Cayman", "Panama"
	"America/Puerto_Rico", "Puerto Rico"
	"America/St_Barthelemy", "St Barthelemy"
	"America/St_Kitts", "Saint Kitts and Nevis"
	"America/St_Lucia", "St Lucia"
	"America/Marigot", "St Martin"
	"America/Miquelon", "St Pierre and Miquelon"
	"America/St_Vincent", "St Vincent"
	"America/Lower_Princes", "Sint Maarten"
	"America/Port_of_Spain", "Trinidad & Tobago"
	"America/Grand_Turk", "Turks & Caicos Islands"
	"Pacific/Midway", "USA Samoa-Midway"
	"America/Los_Angeles", "USA Pacific-LA"
	"Navajo", "USA Mountain-Navajo"
	"America/Detroit", "USA Michigan-Detroit"
	"America/Knox_IN", "USA Indiana-Starke-Knox_IN"
	"Pacific/Honolulu", "USA Hawaii-Honolulu"
	"America/Fort_Wayne", "USA East-Indiana-Fort_Wayne"
	"America/Chicago", "USA Central-Chicago"
	"America/Phoenix", "USA Arizona-Phoenix"
	"America/Adak", "USA Aleutian-Adak"
	"America/Anchorage", "USA Alaska-Anchorage"
	"posixrules", "USA-New_York" 
	"America/Louisville", "USA-Louisville" 
	"America/Kentucky/Monticello", "USA-Monticello" 
	"America/Indiana/Vincennes", "USA-Vincennes" 
	"America/Indiana/Winamac", "USA-Winamac" 
	"America/Indiana/Marengo", "USA-Marengo" 
	"America/Indiana/Petersburg", "USA-Petersburg" 
	"America/Indiana/Vevay", "USA-Vevay" 
	"America/Indiana/Tell_City", "USA-Tell_City" 
	"America/Menominee", "USA-Menominee" 
	"America/North_Dakota/Center", "USA North Dakota-Center"
	"America/North_Dakota/New_Salem", "USA North Dakota-New_Salem"
	"America/North_Dakota/Beulah", "USA North Dakota-Beulah"
	"America/Denver", "USA-Denver" 
	"America/Boise", "USA-Boise" 
	"America/Juneau", "USA-Juneau" 
	"America/Sitka", "USA-Sitka" 
	"America/Metlakatla", "USA-Metlakatla" 
	"America/Yakutat", "USA-Yakutat" 
	"America/Nome", "USA-Nome" 
	"America/St_Thomas", "US Virgin Islands"
	"America/Kralendijk", "Bonaire" 
UTC
	"UTC", "UTC"