zic = zoneinfo compiler
3rd column not required as we will be saving selected timezone file into a file named "localtime" and saving the IANA timezone ID to initial_setup_done
take country code from iso3166.tab and use that country code to get all timezones for that country code from zone1970.tab, not from zone.tab
Africa
	Algeria 									only Algiers		Africa/Algiers					(Africa/Algiers)
	Angola															Africa/Bangui					(Africa/Luanda)
	Benin															Africa/Bangui					(Africa/Porto-Novo)
	Botswana														Africa/Blantyre					(Africa/Gaborone)
	Burkina Faso													Africa/Abidjan					(Africa/Ouagadougou)
	Burundi															Africa/Blantyre					(Africa/Bujumbura)
	Cameroon														Africa/Bangui					(Africa/Douala)
	Cape Verde														Atlantic/Cape_Verde				(Atlantic/Cape_Verde)
	Central African Republic										Africa/Bangui					(Africa/Bangui)
	Ceuta															Africa/Ceuta					(Africa/Ceuta)
	Chad										only Ndjamena		Africa/Ndjamena					(Africa/Ndjamena)
	Comoros										only Comoro			Africa/Addis_Ababa				(Indian/Comoro)
	Democractic Republic of Congo				Kinshasa			Africa/Bangui					(Africa/Kinshasa)
	Democractic Republic of Congo				Lubumbashi			Africa/Blantyre					(Africa/Lubumbashi)
	Djibouti									only Djibouti		Africa/Addis_Ababa				(Africa/Djibouti)
	Egypt 										only Cairo			Egypt							(Africa/Cairo, Egypt)
	Equitorial Guinea							only Malabo			Africa/Bangui					(Africa/Malabo)
	Eritrea										only Asmera			Africa/Addis_Ababa				(Africa/Asmera, Africa/Asmara)
	Ethiopia 									only Addis Ababa	Africa/Addis_Ababa				(Africa/Addis_Ababa)
	Gabon										only Libreville		Africa/Bangui					(Africa/Libreville)
	Gambia										only Banjul			Africa/Abidjan					(Africa/Banjul)
	Ghana										only Accra			Africa/Accra					(Africa/Accra)
	Guinea										only Conakry		Africa/Abidjan					(Africa/Conakry)
	Guinea-Bissau								only Bissau			Africa/Bissau					(Africa/Bissau)
	Ivory Coast									only Abidjan		Africa/Abidjan					(Africa/Abidjan)
	Kenya 										only Nairobi		Africa/Addis_Ababa				(Africa/Nairobi)
	Lesotho										only Maseru			Africa/Johannesburg				(Africa/Maseru)
	Liberia										only Monrovia		Africa/Monrovia					(Africa/Monrovia)
	Libya										only Tripoli		Libya							(Africa/Tripoli, Libya)
	Madagascar									only Antananarivo	Africa/Addis_Ababa				(Indian/Antananarivo)
	Malawi										only Blantyre		Africa/Blantyre					(Africa/Blantyre)
	Mali										only Bamako			Africa/Abidjan					(Africa/Bamako, Africa/Timbuktu)
	Mauritiana									only Nouakchott		Africa/Abidjan					(Africa/Nouakchott)
	Mauritius														Indian/Mauritius				(Indian/Mauritius)
	Mayotte															Africa/Addis_Ababa				(Indian/Mayotte)
	Morocco 									only Casablanca		Africa/Casablanca				(Africa/Casablanca)
	Mozambique									only Maputo			Africa/Blantyre					(Africa/Maputo)
	Namibia										only Windhoek		Africa/Windhoek					(Africa/Windhoek)
	Niger										only Niamey			Africa/Bangui					(Africa/Niamey)
	Nigeria										only Lagos			Africa/Bangui					(Africa/Lagos)
	Republic of Congo												Africa/Bangui					(Africa/Brazzaville)
	Rwanda															Africa/Blantyre					(Africa/Kigali)
	Reunion															Indian/Reunion					(Indian/Reunion)
	St Helena														Africa/Abidjan					(Atlantic/St_Helena)
	Senegal										only Dakar			Africa/Abidjan					(Africa/Dakar)
	Seychelles														Indian/Mahe						(Indian/Mahe)
	Sierra Leone								only Freetown		Africa/Abidjan					(Africa/Freetown)
	Somalia										only Mogadishu		Africa/Addis_Ababa				(Africa/Mogadishu)
	South africa								only Johannesburg	Africa/Johannesburg				(Africa/Johannesburg)
	South Sudan									only Juba			Africa/Juba						(Africa/Juba)
	Sudan										only Khartoum		Africa/Juba						(Africa/Khartoum)
	Swaziland									only Mbabane		Africa/Johannesburg				(Africa/Mbabane)
	Sao Tome and Principe											Africa/Abidjan					(Africa/Sao_Tome)
	Tanzania 									only Dar es Salaam	Africa/Addis_Ababa				(Africa/Dar_es_Salaam)
	Togo															Africa/Abidjan					(Africa/Lome)
	Tunisia										only Tunis			Africa/Tunis 					(Africa/Tunis)
	Uganda										only Kampala		Africa/Addis_Ababa				(Africa/Kampala)
	Western Sahara													Africa/El_Aaiun					(Africa/El_Aaiun)
	Zambia										only Lusaka			Africa/Blantyre					(Africa/Lusaka)
	Zimbabwe									only Harare			Africa/Blantyre					(Africa/Harare)
	Zulu															UTC								(Zulu)
Asia							    			                    	
	Afghanistan									only Kabul			Asia/Kabul						(Asia/Kabul)
	Armenia										only Yerevan		Asia/Yerevan					(Asia/Yerevan)
	Azerbaijan									only Baku			Asia/Baku						(Asia/Baku)
	Bahrain															Asia/Bahrain					(Asia/Bahrain)
	Bangladesh									only Dhaka			Asia/Dacca						(Asia/Dhaka, Asia/Dacca)
	Bhutan										only Thimphu		Asia/Thimbu						(Asia/Thimphu, Asia/Thimbu)
	Brunei															Asia/Brunei						(Asia/Brunei)
	Cambodia									only Phnom Penh		Asia/Bangkok					(Asia/Phnom_Penh)
	China										Shanghai			PRC								(Asia/Chongqing, Asia/Chungking, Asia/Harbin, PRC, Asia/Shanghai)
	China										Urumqi				Asia/Kashgar					(Asia/Kashgar, Asia/Urumqi)
	Macao															Asia/Macao						(Asia/Macao, Asia/Macau)
	Cyprus										Nicosia				Asia/Nicosia					(Asia/Nicosia, Europe/Nicosia)
	Cyprus										Famagusta			Asia/Famagusta					(Asia/Famagusta)
	Georgia										only Tbilisi		Asia/Tbilisi					(Asia/Tbilisi)
	Hong Kong														Hongkong						(Asia/Hongkong, Hongkong)
	India										only Kolkata		Asia/Calcutta					(Asia/Kolkata, Asia/Calcutta)
	Indonesia									Jakarta				Asia/Jakarta					(Asia/Jakarta)
	Indonesia									Pontianak			Asia/Pontianak					(Asia/Pontianak)
	Indonesia									Makassar			Asia/Makassar					(Asia/Makassar, Asia/Ujung_Pandang)
	Indonesia									Jayapura			Asia/Jayapura					(Asia/Jayapura)
	Iran										only Tehran			Iran							(Asia/Tehran, Iran)
	Iraq										only Baghdad		Asia/Baghdad					(Asia/Baghdad)
	Israel										Jerusalem			Israel							(Asia/Tel_Aviv, Asia/Jerusalem, Israel)
	Japan										only Tokyo			Japan							(Asia/Tokyo, Japan)
	Jordan										only Amman			Asia/Amman						(Asia/Amman)
	Kazakhstan									Almaty				Asia/Almaty						(Asia/Almaty)
	Kazakhstan									Qyzylorda			Asia/Qyzylorda					(Asia/Qyzylorda)
	Kazakhstan									Aqtobe				Asia/Aqtobe						(Asia/Aqtobe)
	Kazakhstan									Aqtau				Asia/Aqtau						(Asia/Aqtau)
	Kazakhstan									Oral				Asia/Oral						(Asia/Oral)
	Kazakhstan									Atyrau				Asia/Atyrau						(Asia/Atyrau)
	Kuwait															Asia/Aden						(Asia/Kuwait)
	Kyrgyzstan														Asia/Bishkek					(Asia/Bishkek)
	Laos										only Vientiane		Asia/Bangkok					(Asia/Vientiane)
	Lebanon										only Beirut			Asia/Beirut						(Asia/Beirut)
	Malaysia									Kuala Lumpur		Asia/Kuala_Lumpur				(Asia/Kuala_Lumpur)
	Malaysia									Kuching				Asia/Kuching					(Asia/Kuching)
	Maldives														Indian/Maldives					(Indian/Maldives)
	Mongolia									Ulaanbaatar			Asia/Ulaanbaatar				(Asia/Ulaanbaatar, Asia/Ulan_Bator)
	Mongolia									Hovd				Asia/Hovd						(Asia/Hovd)
	Mongolia									Choibalsan			Asia/Choibalsan					(Asia/Choibalsan)
	Myanmar										only Yangon			Asia/Rangoon					(Asia/Yangon, Asia/Rangoon)
	Nepal										only Kathmandu		Asia/Kathmandu					(Asia/Katmandu, Asia/Kathmandu)
	North Korea									only Pyongyang		Asia/Pyongyang					(Asia/Pyongyang)
	Oman										only Muscat			Asia/Dubai						(Asia/Muscat)
	Pakistan									only Karachi		Asia/Karachi					(Asia/Karachi)
	Palestine									Gaza				Asia/Gaza						(Asia/Gaza)
	Palestine									Hebron				Asia/Hebron						(Asia/Hebron)
	Philippines									only Manila			Asia/Manila						(Asia/Manila)
	Qatar															Asia/Bahrain					(Asia/Qatar, Asia/Bahrain)
	Russia										Yekaterinburg		Asia/Yekaterinburg				(Asia/Yekaterinburg)
	Russia										Yakutsk				Asia/Yakutsk					(Asia/Yakutsk)
	Russia										Ust-Nera			Asia/Ust-Nera					(Asia/Ust-Nera)
	Russia										Omsk				Asia/Omsk						(Asia/Omsk)
	Russia										Tomsk				Asia/Tomsk						(Asia/Tomsk)
	Russia										Novosibirsk			Asia/Novosibirsk				(Asia/Novosibirsk)
	Russia										Novokuznetsk		Asia/Novokuznetsk				(Asia/Novokuznetsk)
	Russia										Krasnoyarsk			Asia/Krasnoyarsk				(Asia/Krasnoyarsk)
	Russia										Irkutsk				Asia/Irkutsk					(Asia/Irkutsk)
	Russia										Chita				Asia/Chita						(Asia/Chita)
	Russia										Vladivostok			Asia/Vladivostok				(Asia/Vladivostok)
	Russia										Magadan				Asia/Magadan					(Asia/Magadan)
	Russia										Srednekolymsk		Asia/Srednekolymsk				(Asia/Srednekolymsk)
	Russia										Anadyr				Asia/Anadyr						(Asia/Anadyr)
	Russia										Sakhalin			Asia/Sakhalin					(Asia/Sakhalin)
	Russia										Khandyga			Asia/Khandyga					(Asia/Khandyga)
	Russia										Kamchatka			Asia/Kamchatka					(Asia/Kamchatka)
	Russia										Barnaul				Asia/Barnaul					(Asia/Barnaul)
	Saudi Arabia								only Riyadh			Asia/Aden						(Asia/Riyadh)
	Singapore														Singapore						(Asia/Singapore, Singapore)
	South Korea									only Seoul			ROK								(Asia/Seoul, ROK)
	Sri Lanka									only Colombo		Asia/Colombo					(Asia/Colombo)
	Syria										only Damascus		Asia/Damascus					(Asia/Damascus)
	Taiwan										only Taipei			ROC								(Asia/Taipei, ROC)
	Tajikistan									only Dushanbe		Asia/Dushanbe					(Asia/Dushanbe)
	Thailand									only Bangkok		Asia/Bangkok					(Asia/Bangkok)
	Timor-Leste									only Dili			Asia/Dili						(Asia/Dili)
	Turkey										only Istanbul		Turkey							(Asia/Istanbul, Turkey, Europe/Istanbul)
	Turkmenistan								only Ashgabat		Asia/Ashgabat					(Asia/Ashgabat, Asia/Ashkhabad)
	United Arab Emirates						only Dubai			Asia/Dubai						(Asia/Dubai)
	Uzbekistan									Samarkand			Asia/Samarkand					(Asia/Samarkand)
	Uzbekistan									Tashkent			Asia/Tashkent					(Asia/Tashkent)
	Vietnam										only Ho Chi Minh	Asia/Ho_Chi_Minh				(Asia/Saigon, Asia/Ho_Chi_Minh)
	Yemen										only Aden			Asia/Aden						(Asia/Aden)
	Kerguelen Islands												Indian/Kerguelen				(Indian/Kerguelen)
	Cocos															Indian/Cocos					(Indian/Cocos)
	Chagos Archipelago												Indian/Chagos					(Indian/Chagos)
	Christmas Island												Indian/Christmas				(Indian/Christmas)
Europe					            			                    	
	Albania										only Tirane			Europe/Tirane					(Europe/Tirane)
	Andorra															Europe/Andorra					(Europe/Andorra)
	Austria										only Vienna			Europe/Vienna					(Europe/Vienna)
	Belarus										only Minsk			Europe/Minsk					(Europe/Minsk)
	Belgium										only Brussels		Europe/Brussels					(Europe/Brussels)
	Bosnia and Herzegovina											Europe/Belgrade					(Europe/Sarajevo)
	Bulgaria									only Sofia			Europe/Sofia					(Europe/Sofia)
	Croatia										only Zagreb			Europe/Belgrade					(Europe/Zagreb)
	Czech Republic								only Prague			Europe/Bratislava				(Europe/Prague)
	Denmark										Copenhagen			Europe/Copenhagen				(Europe/Copenhagen)
	Denmark										Faroe Islands		Atlantic/Faeroe					(Atlantic/Faroe, Atlantic/Faeroe)
	Estonia										Tallinn				Europe/Tallinn					(Europe/Tallinn)
	Finland										Helsinki			Europe/Helsinki					(Europe/Helsinki, Europe/Mariehamn)
	France										only Paris			Europe/Paris					(Europe/Paris)
	Germany										Berlin				Europe/Berlin					(Europe/Berlin)
	Germany										Busingen			Europe/Busingen					(Europe/Busingen)
	Gibraltar														Europe/Gibraltar				(Europe/Gibraltar)
	Greece										only Athens			Europe/Athens					(Europe/Athens)
	Hungary										only Budapest		Europe/Budapest					(Europe/Budapest)
	Iceland										only Reykjavik		Iceland							(Atlantic/Reykjavik, Iceland)
	Ireland										only Dublin			Eire							(Europe/Dublin, Eire)
	Italy										only Rome			Europe/Rome						(Europe/Rome)
	Kosovo															Europe/Belgrade
	Latvia										only Riga			Europe/Riga						(Europe/Riga)
	Liechtenstein								only Vaduz			Europe/Busingen					(Europe/Vaduz)
	Lithuania									only Vilnius		Europe/Vilnius					(Europe/Vilnius)
	Luxembourg									only Luxembourg		Europe/Luxembourg				(Europe/Luxembourg)
	Macedonia									only Skopje			Europe/Belgrade					(Europe/Skopje)
	Malta															Europe/Malta					(Europe/Malta)
	Moldova										only Chisinau		Europe/Chisinau					(Europe/Chisinau, Europe/Tiraspol)
	Monaco															Europe/Monaco					(Europe/Monaco)
	Montenegro									only Podgorica		Europe/Belgrade					(Europe/Podgorica)
	Netherlands									only Amsterdam		Europe/Amsterdam				(Europe/Amsterdam)
	Norway										Oslo				Arctic/Longyearbyen				(Arctic/Longyearbyen, Europe/Oslo, Atlantic/Jan_Mayen)
	Poland										only Warsaw			Poland							(Europe/Warsaw, Poland)
	Portugal									Lisbon				Portugal						(Europe/Lisbon, Portugal)
	Portugal									Azores				Atlantic/Azores					(Atlantic/Azores)
	Portugal									Madeira				Atlantic/Madeira				(Atlantic/Madeira)
	Romania										only Bucharest		Europe/Bucharest				(Europe/Bucharest)
	Russia										Volgograd			Europe/Volgograd				(Europe/Volgograd)
	Russia										Ulyanovsk			Europe/Ulyanovsk				(Europe/Ulyanovsk)
	Russia										Simferopol			Europe/Simferopol				(Europe/Simferopol)
	Russia										Saratov				Europe/Saratov					(Europe/Saratov)
	Russia										Samara				Europe/Samara					(Europe/Samara)
	Russia										Kirov				Europe/Kirov					(Europe/Kirov)
	Russia										Kaliningrad			Europe/Kaliningrad				(Europe/Kaliningrad)
	Russia										Astrakhan			Europe/Astrakhan				(Europe/Astrakhan)
	Russia										Moscow				W-SU							(W-SU, Europe/Moscow)
	San Marino														Europe/Rome						(Europe/San_Marino)
	Serbia										only Belgrade		Europe/Belgrade					(Europe/Belgrade)
	Slovakia									only Bratislava		Europe/Bratislava				(Europe/Bratislava)
	Slovenia									only Ljubljana		Europe/Belgrade					(Europe/Ljubljana)
	Spain										Madrid				Europe/Madrid					(Europe/Madrid)
	Spain										Canary				Atlantic/Canary					(Atlantic/Canary)
	Sweden										only Stockholm		Europe/Stockholm				(Europe/Stockholm)
	Switzerland									only Zurich			Europe/Busingen					(Europe/Zurich)
	Ukraine										Kiev				Europe/Kiev						(Europe/Kiev)
	Ukraine										Uzhgorod			Europe/Uzhgorod					(Europe/Uzhgorod)
	Ukraine										Zaporozhye			Europe/Zaporozhye				(Europe/Zaporozhye)
	United Kingdom								London				GB								(Europe/Belfast, Europe/London, GB, GB-Eire)
	Bailiwicks of Jersey											GB								(Europe/Jersey)
	Isle of Man														GB								(Europe/Isle_of_Man)
	Guernsey														GB								(Europe/Guernsey)
	Vatican															Europe/Rome						(Europe/Vatican)
South America					    			                    	
	Argentina									Mendoza				America/Mendoza					(America/Mendoza, America/Argentina/Mendoza)
	Argentina									Cordoba				America/Cordoba					(America/Cordoba, America/Argentina/Cordoba, America/Rosario)
	Argentina									Buenos Aires		America/Buenos_Aires			(America/Buenos_Aires, America/Argentina/Buenos_Aires)
	Argentina									Ushuaia				America/Argentina/Ushuaia		(America/Argentina/Ushuaia)
	Argentina									Tucuman				America/Argentina/Tucuman		(America/Argentina/Tucuman)
	Argentina									San Luis			America/Argentina/San_Luis		(America/Argentina/San_Luis)
	Argentina									San Juan			America/Argentina/San_Juan		(America/Argentina/San_Juan)
	Argentina									Salta				America/Argentina/Salta			(America/Argentina/Salta)
	Argentina									Rio Gallegos		America/Argentina/Rio_Gallegos	(America/Argentina/Rio_Gallegos)
	Argentina									La Rioja			America/Argentina/La_Rioja		(America/Argentina/La_Rioja)
	Argentina									Jujuy				America/Jujuy					(America/Jujuy, America/Argentina/Jujuy)
	Argentina									Catamarca			America/Catamarca				(America/Catamarca, America/Argentina/Catamarca, America/Argentina/ComodRivadavia)
	Bolivia										La Paz				America/La_Paz					(America/La_Paz)
	Brazil Acre									Rio Branco			America/Porto_Acre				(America/Rio_Branco, America/Porto_Acre, Brazil/Acre)
	Brazil 										Porto Velho			America/Porto_Velho				(America/Porto_Velho)
	Brazil West									Manaus				America/Manaus					(Brazil/West, America/Manaus)
	Brazil										Maceio				America/Maceio					(America/Maceio)
	Brazil 										Fortaleza			America/Fortaleza				(America/Fortaleza)
	Brazil										Eirunepe			America/Eirunepe				(America/Eirunepe)
	Brazil										Belem				America/Belem					(America/Belem)
	Brazil										Recife				America/Recife					(America/Recife)
	Brazil										Cuiaba				America/Cuiaba					(America/Cuiaba)
	Brazil										Campo Grande		America/Campo_Grande			(America/Campo_Grande)
	Brazil										Boa Vista			America/Boa_Vista				(America/Boa_Vista)
	Brazil East									Sao Paulo			America/Sao_Paulo				(America/Sao_Paulo, Brazil/East)
	Brazil DeNoronha							Fernando de Noronha	America/Noronha					(Brazil/DeNoronha, America/Noronha)
	Brazil										Santarem			America/Santarem				(America/Santarem)
	Brazil										Bahia				America/Bahia					(America/Bahia)
	Brazil										Araguaina			America/Araguaina				(America/Araguaina)
	Chile										Santiago			America/Santiago				(Chile/Continental, America/Santiago)
	Chile										Punta Arenas		America/Punta_Arenas			(America/Punta_Arenas)
	Chile										EasterIsland		Chile/EasterIsland				(Chile/EasterIsland, Pacific/Easter)
	Colombia									only Bogota			America/Bogota					(America/Bogota)
	Ecuador										Guayaquil			America/Guayaquil				(America/Guayaquil)
	Ecuador										Galapagos Islands	Pacific/Galapagos				(Pacific/Galapagos)
	Falkland Islands							only Stanley		Atlantic/Stanley				(Atlantic/Stanley)
	French Guiana								only Cayenne		America/Cayenne					(America/Cayenne)
	Guyana															America/Guyana					(America/Guyana)
	Paraguay									only Asuncion		America/Asuncion				(America/Asuncion)
	Peru										only Lima			America/Lima					(America/Lima)
	South Georgia & the South Sandwich Islands 	only South Georgia	Atlantic/South_Georgia			(Atlantic/South_Georgia)
	Suriname									only Paramaribo		America/Paramaribo				(America/Paramaribo)
	Uruguay										only Montevideo		America/Montevideo				(America/Montevideo)
	Venezuela									only Caracas		America/Caracas					(America/Caracas)
Oceania/Australia				    			                    	
	Australia West								Perth				Australia/Perth					(Australia/West, Australia/Perth)
	Australia									Eucla				Australia/Eucla					(Australia/Eucla)
	Australia South 							Adelaide			Australia/Adelaide				(Australia/South, Australia/Adelaide)
	Australia North								Darwin				Australia/Darwin				(Australia/Darwin, Australia/North)
	Australia									Melbourne			Australia/Melbourne				(Australia/Victoria, Australia/Melbourne)
	Australia									Sydney				Australia/ACT					(Australia/NSW, Australia/Canberra, Australia/ACT, Australia/Sydney)
	Australia									Brisbane			Australia/Brisbane				(Australia/Queensland, Australia/Brisbane)
	Australia									LHI					Australia/LHI					(Australia/LHI, Australia/Lord_Howe)
	Australia									Broken Hill			Australia/Broken_Hill			(Australia/Broken_Hill, Australia/Yancowinna)
	Australia									Hobart				Australia/Hobart				(Australia/Tasmania, Australia/Hobart)
	Australia									Lindeman			Australia/Lindeman				(Australia/Lindeman)
	Australia									Currie				Australia/Currie				(Australia/Currie)
	Fiji										only Fiji			Pacific/Fiji					(Pacific/Fiji)
	Kiribati									Tarawa				Pacific/Tarawa					(Pacific/Tarawa)
	Kiribati									Enderbury			Pacific/Enderbury				(Pacific/Enderbury)
	Kiribati									Kiritimati			Pacific/Kiritimati				(Pacific/Kiritimati)
	Marshall Islands							Majuro				Pacific/Majuro					(Pacific/Majuro)
	Marshall Islands							Kwajalein			Kwajalein						(Pacific/Kwajalein, Kwajalein)
	Micronesia									Chuuk				Pacific/Chuuk					(Pacific/Chuuk, Pacific/Truk, Pacific/Yap)
	Micronesia									Pohnpei				Pacific/Pohnpei					(Pacific/Pohnpei, Pacific/Ponape)
	Micronesia									Kosrae				Pacific/Kosrae					(Pacific/Kosrae)
	Nauru															Pacific/Nauru					(Pacific/Nauru)
	New Zealand									Auckland			NZ								(NZ, Pacific/Auckland, Antarctica/South_Pole, Antarctica/McMurdo)
	New Zealand									Chatham				NZ-CHAT							(NZ-CHAT, Pacific/Chatham)
	Palau															Pacific/Palau					(Pacific/Palau)
	Papua New Guinea							Port_Moresby		Pacific/Port_Moresby			(Pacific/Port_Moresby)
	Papua New Guinea							Bougainville		Pacific/Bougainville			(Pacific/Bougainville)
	Samoa										Apia				Pacific/Apia					(Pacific/Apia)
	American Samoa								Pago Pago			Pacific/Midway					(Pacific/Pago_Pago)
	Solomon Islands								only Guadalcanal	Pacific/Guadalcanal				(Pacific/Guadalcanal)
	Tonga										only Tongatapu		Pacific/Tongatapu				(Pacific/Tongatapu)
	Tuvalu										only Funafuti		Pacific/Funafuti				(Pacific/Funafuti)
	Vanuatu										only Efate			Pacific/Efate					(Pacific/Efate)
	Cook Islands								only Rarotonga		Pacific/Rarotonga				(Pacific/Rarotonga)
	French Polynesia							Tahiti				Pacific/Tahiti					(Pacific/Tahiti)
	French Polynesia							Marquesas			Pacific/Marquesas				(Pacific/Marquesas)
	French Polynesia							Gambier				Pacific/Gambier					(Pacific/Gambier)
	Guam															Pacific/Guam					(Pacific/Guam)
	New Caledonia								Noumea				Pacific/Noumea					(Pacific/Noumea)
	Niue															Pacific/Niue					(Pacific/Niue)
	Norfolk Island													Pacific/Norfolk					(Pacific/Norfolk)
	Northern Mariana Islands					only Saipan			Pacific/Guam					(Pacific/Saipan)
	Pitcairn														Pacific/Pitcairn				(Pacific/Pitcairn)
	Tokelau										only Fakaofo		Pacific/Fakaofo					(Pacific/Fakaofo)
	Wake Island														Pacific/Wake					(Pacific/Wake)
	Wallis & Futuna								only Wallis			Pacific/Wallis					(Pacific/Wallis)
Antarctica				            			                    	
	Casey															Antarctica/Casey				(Antarctica/Casey)
	Davis															Antarctica/Davis				(Antarctica/Davis)
	DumontDUrville													Antarctica/DumontDUrville		(Antarctica/DumontDUrville)
	Macquarie														Antarctica/Macquarie			(Antarctica/Macquarie)
	Mawson															Antarctica/Mawson				(Antarctica/Mawson)
	Palmer															Antarctica/Palmer				(Antarctica/Palmer)
	Rothera															Antarctica/Rothera				(Antarctica/Rothera)
	Syowa															Antarctica/Syowa				(Antarctica/Syowa)
	Troll															Antarctica/Troll				(Antarctica/Troll)
	Vostok															Antarctica/Vostok				(Antarctica/Vostok)
North America									                    	
	Anguilla														America/Anguilla				(America/Port_of_Spain, America/Anguilla)
	Antigua & Barbuda												America/Anguilla				(America/Antigua)
	Aruba															America/Aruba					(America/Aruba)
	Bahamas										only Nassau			America/Nassau					(America/Nassau)
	Barbados														America/Barbados				(America/Barbados)
	Belize															America/Belize					(America/Belize)
	Bermuda															Atlantic/Bermuda				(Atlantic/Bermuda)
	British Virgin Islands											America/Anguilla				(America/Tortola)
	Canada										Yellowknife			America/Yellowknife				(America/Yellowknife)
	Canada Central								Winnipeg			America/Winnipeg				(America/Winnipeg, Canada/Central)
	Canada Yukon								Whitehorse			America/Whitehorse				(America/Whitehorse, Canada/Yukon)
	Canada Pacific 								Vancouver			America/Vancouver				(America/Vancouver, Canada/Pacific)
	Canada Eastern								Toronto				America/Montreal				(America/Montreal, America/Toronto, Canada/Eastern)
	Canada										Thunder_Bay			America/Thunder_Bay				(America/Thunder_Bay)
	Canada										Swift_Current		America/Swift_Current			(America/Swift_Current)
	Canada Newfoundland							St_Johns			America/St_Johns				(America/St_Johns, Canada/Newfoundland)
	Canada										Resolute			America/Resolute				(America/Resolute)
	Canada Saskatchewan							Regina				America/Regina					(America/Regina, Canada/Saskatchewan, Canada/East-Saskatchewan)
	Canada										Rankin_Inlet		America/Rankin_Inlet			(America/Rankin_Inlet)
	Canada										Rainy_River			America/Rainy_River				(America/Rainy_River)
	Canada										Pangnirtung			America/Pangnirtung				(America/Pangnirtung)
	Canada										Nipigon				America/Nipigon					(America/Nipigon)
	Canada										Moncton				America/Moncton					(America/Moncton)
	Canada										Iqaluit				America/Iqaluit					(America/Iqaluit)
	Canada										Inuvik				America/Inuvik					(America/Inuvik)
	Canada Atlantic								Halifax				America/Halifax					(America/Halifax, Canada/Atlantic)
	Canada										Goose_Bay			America/Goose_Bay				(America/Goose_Bay)
	Canada										Glace_Bay			America/Glace_Bay				(America/Glace_Bay)
	Canada										Fort_Nelson			America/Fort_Nelson				(America/Fort_Nelson)
	Canada Mountain								Edmonton			America/Edmonton				(America/Edmonton, Canada/Mountain)
	Canada										Dawson_Creek		America/Dawson_Creek			(America/Dawson_Creek)
	Canada										Dawson				America/Dawson					(America/Dawson)
	Canada										Creston				America/Creston					(America/Creston)
	Canada										Cambridge_Bay		America/Cambridge_Bay			(America/Cambridge_Bay)
	Canada										Blanc-Sablon		America/Blanc-Sablon			(America/Blanc-Sablon)
	Canada										Atikokan			America/Atikokan				(America/Atikokan, America/Coral_Harbour)
	Caribbean Netherlands											America/Aruba					(America/Curacao)
	Cayman Islands													America/Cayman					(America/Cayman)
	Costa Rica														America/Costa_Rica				(America/Costa_Rica)
	Cuba										only Havana			Cuba							(America/Havana, Cuba)
	Curacao															America/Aruba					(America/Curacao)
	Dominica														America/Anguilla				(America/Dominica)
	Dominican Republic							only Santo Domingo	America/Santo_Domingo			(America/Santo_Domingo)
	El Salvador														America/El_Salvador				(America/El_Salvador)
	Greenland									Godthab				America/Godthab					(America/Godthab)
	Greenland									Danmarkshavn		America/Danmarkshavn			(America/Danmarkshavn)
	Greenland									Scoresbysund		America/Scoresbysund			(America/Scoresbysund)
	Greenland									Thule				America/Thule					(America/Thule)
	Grenada															America/Anguilla				(America/Grenada)
	Guadeloupe 														America/Anguilla				(America/Guadeloupe)
	Guatemala														America/Guatemala				(America/Guatemala)
	Haiti										only Port au Prince	America/Port-au-Prince			(America/Port-au-Prince)
	Honduras									Tegucigalpa			America/Tegucigalpa				(America/Tegucigalpa)
	Jamaica															Jamaica							(America/Jamaica, Jamaica)
	Martinique														America/Martinique				(America/Martinique)
	Mexico										Mexico_City			America/Mexico_City				(America/Mexico_City, Mexico/General)
	Mexico										Tijuana				America/Ensenada				(America/Tijuana, America/Ensenada, Mexico/BajaNorte, America/Santa_Isabel)
	Mexico										Ojinaga				America/Ojinaga					(America/Ojinaga)
	Mexico										Monterrey			America/Monterrey				(America/Monterrey)
	Mexico										Merida				America/Merida					(America/Merida)
	Mexico										Mazatlan			America/Mazatlan				(America/Mazatlan, Mexico/BajaSur)
	Mexico										Matamoros			America/Matamoros				(America/Matamoros)
	Mexico										Hermosillo			America/Hermosillo				(America/Hermosillo)
	Mexico										Chihuahua			America/Chihuahua				(America/Chihuahua)
	Mexico										Cancun				America/Cancun					(America/Cancun)
	Mexico										Bahia_Banderas		America/Bahia_Banderas			(America/Bahia_Banderas)
	Montserrat														America/Anguilla				(America/Montserrat)
	Nicaragua									only Managua		America/Managua					(America/Managua)
	Panama															America/Cayman					(America/Panama, America/Cayman)
	Puerto Rico														America/Puerto_Rico				(America/Puerto_Rico)
	St Barthelemy													America/Anguilla				(America/St_Barthelemy)
	Saint Kitts and Nevis											America/Anguilla				(America/St_Kitts)
	St Lucia														America/Anguilla				(America/St_Lucia)
	St Martin														America/Anguilla				(America/Marigot)
	St Pierre and Miquelon											America/Miquelon				(America/Miquelon)
	St Vincent														America/Anguilla				(America/St_Vincent)
	Sint Maarten													America/Aruba					(America/Lower_Princes)
	Trinidad & Tobago							Port of Spain		America/Anguilla				(America/Port_of_Spain)
	Turks & Caicos Islands						Grand Turk			America/Grand_Turk				(America/Grand_Turk)
	USA Samoa														Pacific/Midway					(US/Samoa, Pacific/Midway, Pacific/Samoa)
	USA Pacific									Los_Angeles			America/Los_Angeles				(US/Pacific, US/Pacific-New, America/Los_Angeles)
	USA Mountain													Navajo							(Navajo, US/Mountain, America/Shiprock, America/Denver)
	USA Michigan								Detroit				America/Detroit					(US/Michigan, America/Detroit)
	USA Indiana-Starke												America/Knox_IN					(US/Indiana-Starke, America/Knox_IN, America/Indiana/Knox)
	USA Hawaii														Pacific/Honolulu				(Pacific/Honolulu, US/Hawaii, Pacific/Johnston)
	USA East-Indiana							Fort_Wayne			America/Fort_Wayne				(America/Fort_Wayne, US/East-Indiana, America/Indiana/Indianapolis, America/Indianapolis)
	USA Central									Chicago				America/Chicago					(America/Chicago, US/Central)			
	USA Arizona									Phoenix				America/Phoenix					(US/Arizona, America/Phoenix)
	USA Aleutian								Adak				America/Adak					(US/Aleutian, America/Adak, America/Atka)
	USA Alaska									Anchorage			America/Anchorage				(US/Alaska, America/Anchorage)
	USA											New York			posixrules						(America/New_York, posixrules, US/Eastern)
	USA 										Louisville			America/Louisville				(America/Kentucky/Louisville, America/Louisville)
	USA 										Monticello			America/Kentucky/Monticello		(America/Kentucky/Monticello)
	USA 										Vincennes			America/Indiana/Vincennes		(America/Indiana/Vincennes)
	USA 										Winamac				America/Indiana/Winamac			(America/Indiana/Winamac)
	USA 										Marengo				America/Indiana/Marengo			(America/Indiana/Marengo)
	USA 										Petersburg			America/Indiana/Petersburg		(America/Indiana/Petersburg)
	USA 										Vevay				America/Indiana/Vevay			(America/Indiana/Vevay)
	USA 										Tell City			America/Indiana/Tell_City		(America/Indiana/Tell_City)
	USA 										Menominee			America/Menominee				(America/Menominee)
	USA North Dakota							Center				America/North_Dakota/Center		(America/North_Dakota/Center)
	USA North Dakota							New_Salem			America/North_Dakota/New_Salem	(America/North_Dakota/New_Salem)
	USA North Dakota							Center				America/North_Dakota/Beulah		(America/North_Dakota/Beulah)
	USA 										Boise				America/Boise					(America/Boise)
	USA 										Juneau				America/Juneau					(America/Juneau)
	USA 										Sitka				America/Sitka					(America/Sitka)
	USA 										Metlakatla			America/Metlakatla				(America/Metlakatla)
	USA 										Yakutat				America/Yakutat					(America/Yakutat)
	USA 										Nome				America/Nome					(America/Nome)
	US Virgin Islands												America/Anguilla				(America/St_Thomas, America/Virgin)
	Bonaire										only Kralendijk		America/Aruba					(America/Kralendijk)
	Clipperton Island	
	Navassa Islands	
	Saba																
	Sint Eustatius														
UTC	
	UCT																UCT								(UCT - same as UTC https://en.wikipedia.org/wiki/Coordinated_Universal_Time#Etymology)
	UTC																UTC								(UTC, GMT+0, GMT-0, GMT0, GMT, Universal, Greenwich, Factory)